id,alias,name,is_closed,review_count,categories,rating,transactions,price,address,city,country,state,display_address,phone
tEnhREqfSe8MBwqtdcjL9A,dishdash-grill-milpitas,Dishdash Grill,False,1243,Middle Eastern,4.5,['delivery'],$$,181 Ranch Dr,Milpitas,US,CA,"['181 Ranch Dr', 'Milpitas, CA 95035']",+14082626949
2_NepvKyJwu5BgYsSXCk_w,hironori-craft-ramen-santa-clara,HiroNori Craft Ramen,False,1196,Ramen,4.5,"['pickup', 'restaurant_reservation', 'delivery']",$$,4300 Great America Pkwy,Santa Clara,US,CA,"['4300 Great America Pkwy', 'Ste 180', 'Santa Clara, CA 95054']",+16693425146
I63u4dWV5EN2UXbKBTbBCw,hippies-brew-express-hayward-2,Hippies Brew Express,False,1517,Coffee & Tea,4.5,"['pickup', 'delivery']",$,888 C St,Hayward,US,CA,"['888 C St', 'Hayward, CA 94541']",+15104618629
p5OO-EvUSz-ZcaLGXwvj-w,frodo-joes-coffee-and-tea-san-lorenzo,Frodo Joe's Coffee & Tea,False,717,Coffee & Tea,4.5,['delivery'],$,17665 Hesperian Blvd,San Lorenzo,US,CA,"['17665 Hesperian Blvd', 'San Lorenzo, CA 94580']",+15104811844
vWiMtE4uj6uCZxjQHcOz-w,bombay-pizza-house-fremont,Bombay Pizza House,False,862,Pizza,4.5,"['pickup', 'delivery']",$$,4922 Paseo Padre Pkwy,Fremont,US,CA,"['4922 Paseo Padre Pkwy', 'Fremont, CA 94555']",+15107967700
VfpoAilO-8D7aywIKEdFXQ,the-press-pleasanton,The Press,False,1170,Cafes,4.5,['delivery'],$$,1987 Santa Rita Rd,Pleasanton,US,CA,"['1987 Santa Rita Rd', 'Ste H', 'Pleasanton, CA 94566']",+19258469900
vIC6NMct6v9a3k2XAgNUJA,dish-n-dash-fremont-2,Dish N Dash,False,702,Middle Eastern,4.5,['delivery'],$$,43514 Christy St,Fremont,US,CA,"['43514 Christy St', 'Fremont, CA 94538']",+15102499220
ud9ocsQHI7h3zNO7FdOFYQ,zareens-mountain-view-3,Zareen's,False,1756,Halal,4.5,"['pickup', 'delivery']",$$,1477 Plymouth St,Mountain View,US,CA,"['1477 Plymouth St', 'Ste C', 'Mountain View, CA 94043']",+16506410335
SwFKtoEOlWPlYfLVUyt7Dw,chicken-meets-rice-santa-clara,Chicken Meets Rice,False,746,Chicken Shop,4.5,"['pickup', 'delivery']",$$,2213 Tasman Dr,Santa Clara,US,CA,"['2213 Tasman Dr', 'Santa Clara, CA 95054']",+14082127928
vx62TkaXqgOTw0w0BZM9kw,ghazni-afghan-kabobs-hayward,Ghazni Afghan Kabobs,False,948,Afghan,4.5,"['pickup', 'delivery']",$$,1235 A St,Hayward,US,CA,"['1235 A St', 'Hayward, CA 94541']",+15103988940
_YDK0w05YAO99aQudHGpkA,philz-coffee-palo-alto-5,Philz Coffee,False,1150,Coffee & Tea,4.5,['delivery'],$,3191 Middlefield Rd,Palo Alto,US,CA,"['3191 Middlefield Rd', 'Palo Alto, CA 94303']",+16502519798
HYbKSGCg8hqLw6J_X7qbyQ,acqua-e-farina-hayward,Acqua e Farina,False,958,Italian,4.5,['delivery'],$$,22622 Main St,Hayward,US,CA,"['22622 Main St', 'Hayward, CA 94541']",+15108881568
OPuFiXxckMS6U5KZjQWYFw,dittmers-gourmet-meats-and-wurst-haus-los-altos-2,Dittmer's Gourmet Meats & Wurst-Haus,False,670,Meat Shops,4.5,"['pickup', 'delivery']",$$,4540 El Camino Real,Los Altos,US,CA,"['4540 El Camino Real', 'Los Altos, CA 94022']",+16509413800
-aiJmz-lKshxqmnHPzo8gw,gen-korean-bbq-house-milpitas-3,Gen Korean BBQ House,False,2751,Korean,4.5,[],$$,190 Barber Ct,Milpitas,US,CA,"['190 Barber Ct', 'Ste 500', 'Milpitas, CA 95035']",+14089550228
cFCc8E8vOCFLWG9BJ6TNSg,tayyibaat-meat-and-grill-milpitas-4,Tayyibaat Meat And Grill,False,1021,Halal,4.5,"['pickup', 'delivery']",$$,10 S Abbott Ave,Milpitas,US,CA,"['10 S Abbott Ave', 'Milpitas, CA 95035']",+14085869700
6yV_yKXWTEgmBbg27T9-Xg,bun-appétit-donuts-fremont-2,Bun Appétit Donuts,False,644,Donuts,4.5,['delivery'],$,37120 Fremont Blvd,Fremont,US,CA,"['37120 Fremont Blvd', 'Ste A', 'Fremont, CA 94536']",+15105651292
wRYzAXNCO_izJK5GTR715A,la-fiesta-restaurant-mountain-view-2,La Fiesta Restaurant,False,842,Mexican,4.0,['delivery'],$$,240 Villa St,Mountain View,US,CA,"['240 Villa St', 'Mountain View, CA 94041']",+16509681364
BRDTqJZxuF-V9EO6nkElAw,bajis-cafe-mountain-view,Bajis Cafe,False,812,Breakfast & Brunch,4.0,"['delivery', 'pickup']",$$,2423 Old Middlefield Way,Mountain View,US,CA,"['2423 Old Middlefield Way', 'Ste A', 'Mountain View, CA 94043']",+16509677477
aW0blLKFlnnWpgIFzveHZA,i-tea-milpitas,i-Tea,False,820,Ramen,4.0,['delivery'],$,760 E Calaveras Blvd,Milpitas,US,CA,"['760 E Calaveras Blvd', 'Milpitas, CA 95035']",+14082622988
7BlSd63UNfopUCwSAQfVBw,teo-chow-noodle-shack-fremont,Teo Chow Noodle Shack,False,831,Chinese,4.0,"['delivery', 'pickup']",$$,4165 Cushing Pkwy,Fremont,US,CA,"['4165 Cushing Pkwy', 'Fremont, CA 94538']",+15106572800
Hf3h4YNR8eL0Xdf5yygmIA,sia-fusion-eatery-newark,Sia Fusion Eatery,False,807,Asian Fusion,4.0,"['pickup', 'delivery']",$$,39263 Cedar Blvd,Newark,US,CA,"['39263 Cedar Blvd', 'Newark, CA 94560']",+15107948852
zj77OUnaa_aynsc6l-la4A,chef-teriyaki-hayward-3,Chef Teriyaki,False,797,Japanese,4.0,['pickup'],$,26960 Hesperian Blvd,Hayward,US,CA,"['26960 Hesperian Blvd', 'Hayward, CA 94545']",+15103988885
8Hw3jcryyNbLukYk7IqucA,la-milpa-milpitas,La Milpa,False,835,Mexican,4.0,['delivery'],$$,107 N Milpitas Blvd,Milpitas,US,CA,"['107 N Milpitas Blvd', 'Milpitas, CA 95035']",+14089456540
8GGNNPwqqCwJdsu93R2Hww,the-kebab-shop-fremont-2,The Kebab Shop,False,794,Mediterranean,4.0,['delivery'],$$,43834 Pacific Commons Blvd,Fremont,US,CA,"['43834 Pacific Commons Blvd', 'Fremont, CA 94538']",+15104902700
56c16Ps5rC3S3bO2ZnUA2Q,mil-s-diner-milpitas,Mil’s Diner,False,819,Diners,4.0,['delivery'],$$,36 S Abbott Ave,Milpitas,US,CA,"['36 S Abbott Ave', 'Milpitas, CA 95035']",+14089464773
avlVbL84dBfLwBIFNJ3BpA,sen-dai-sushi-milpitas,Sen Dai Sushi,False,3200,Japanese,4.0,['pickup'],$$,224 N Abel St,Milpitas,US,CA,"['224 N Abel St', 'Milpitas, CA 95035']",+14082631472
JPItDtK9nz1oMW2vt6XU3g,papillon-fremont,Papillon,False,844,French,4.0,"['restaurant_reservation', 'pickup', 'delivery']",$$$,37296 Mission Blvd,Fremont,US,CA,"['37296 Mission Blvd', 'Fremont, CA 94536']",+15107936331
SkC9q60OAEM_T8k6ECVVgQ,orens-hummus-mountain-view-3,Oren's Hummus,False,868,Mediterranean,4.0,"['delivery', 'pickup']",$$,126 Castro St,Mountain View,US,CA,"['126 Castro St', 'Mountain View, CA 94041']",+16509386736
phUdcIxWnhz_pa6rXYWBpw,lokanta-grill-and-bar-pleasanton-2,Lokanta Grill & Bar,False,791,Mediterranean,4.0,"['restaurant_reservation', 'pickup', 'delivery']",$$,443 Main St,Pleasanton,US,CA,"['443 Main St', 'Pleasanton, CA 94566']",+19252238074
-O_S0NqL7NeDXo7tc0odiA,falafel-etc-fremont,"Falafel, Etc",False,899,Middle Eastern,4.0,['pickup'],$$,39200 Fremont Blvd,Fremont,US,CA,"['39200 Fremont Blvd', 'Fremont, CA 94538']",+15107957170
KMeJWd1zxNSHcUTeIaSejg,frodo-joes-petit-cafe-fremont,Frodo Joe's Petit Cafe,False,908,Creperies,4.0,['pickup'],$$,39286 Paseo Padre Pkwy,Fremont,US,CA,"['39286 Paseo Padre Pkwy', 'Fremont, CA 94538']",+15107900999
l8GVZvw9fFVGPupJg5DMKA,eureka-mountain-view-2,Eureka!,False,933,American (Traditional),4.0,"['pickup', 'delivery']",$$,191 Castro St,Mountain View,US,CA,"['191 Castro St', 'Mountain View, CA 94041']",+16504260582
5SFgMsPJc4VjfHpCyCnINg,doppio-zero-mountain-view,Doppio Zero,False,951,Pizza,4.0,"['pickup', 'delivery']",$$,160 Castro St,Mountain View,US,CA,"['160 Castro St', 'Mountain View, CA 94041']",+16509384147
DxFt5dsEWPZRoFD6EQ_HnA,loving-hut-milpitas-milpitas,Loving Hut - Milpitas,False,953,Vegetarian,4.0,['pickup'],$$,516 Barber Ln,Milpitas,US,CA,"['516 Barber Ln', 'Milpitas, CA 95035']",+14089430250
pirw30DvuMbst4GSCMxUyQ,green-champa-garden-fremont,Green Champa Garden,False,990,Thai,4.0,['delivery'],$$,42318 Fremont Blvd,Fremont,US,CA,"['42318 Fremont Blvd', 'Fremont, CA 94538']",+15104901500
i5RlRZwPavkbKXdB_0zOHA,house-of-dumplings-union-city-2,House of Dumplings,False,993,Chinese,4.0,"['pickup', 'delivery']",$,109 Appian Way,Union City,US,CA,"['109 Appian Way', 'Union City, CA 94587']",+15103248868
rhA4zoA5f45trMqMLY2NcQ,mikonos-grill-milpitas,Mikonos Grill,False,997,Greek,4.0,"['pickup', 'delivery']",$$,756 E Calaveras Blvd,Milpitas,US,CA,"['756 E Calaveras Blvd', 'Milpitas, CA 95035']",+14089426972
t7S4OwGaGe3t60kn7wLsrA,jang-su-jang-milpitas-3,Jang Su Jang,False,1000,Korean,4.0,['delivery'],$$,269 W Calaveras Blvd,Milpitas,US,CA,"['269 W Calaveras Blvd', 'Milpitas, CA 95035']",+14082623434
SyR3XRGBJUSe-R5qS0hbcg,jacks-restaurant-and-bar-newark-2,Jack's Restaurant & Bar,False,892,Breakfast & Brunch,4.0,"['pickup', 'delivery']",$$,1029 Newpark Mall Rd,Newark,US,CA,"['1029 Newpark Mall Rd', 'Newark, CA 94560']",+15107890027
_anR0d7K6-nwY1Ravk9VuA,o-sushi-newark,O' Sushi,False,769,Sushi Bars,4.0,['delivery'],$$,34940 Newark Blvd,Newark,US,CA,"['34940 Newark Blvd', 'Newark Market Place Shopping Center', 'Newark, CA 94560']",+15107922888
qDVyDfKzYTG3-iCeRNzCuA,la-catalana-san-jose,La Catalana,False,789,Tapas Bars,4.0,"['pickup', 'delivery']",$$,3720 N 1st St,San Jose,US,CA,"['3720 N 1st St', 'Ste 10', 'San Jose, CA 95134']",+14083241321
q9_N9SgML9UfDUz5ay49-Q,rogers-deli-mountain-view,Roger's Deli,False,777,Delis,4.0,['pickup'],$,295 E Middlefield Rd,Mountain View,US,CA,"['295 E Middlefield Rd', 'Mountain View, CA 94043']",+16509652204
6h8pCLeUisPsaBfRMrPMag,fremont-afghan-kabob-fremont,Fremont Afghan Kabob,False,647,Afghan,4.0,"['pickup', 'delivery']",$$,5379 Mowry Ave,Fremont,US,CA,"['5379 Mowry Ave', 'Fremont, CA 94538']",+15107393860
5ddnJuIVZTWh7dQ9x01kDw,flaming-house-restaurant-and-bar-newark,Flaming House Restaurant & Bar,False,654,Asian Fusion,4.0,['pickup'],$$,5498 Central Ave,Newark,US,CA,"['5498 Central Ave', 'Newark, CA 94560']",+15108941776
sCA94uDsF6dypGUZQ1WLAg,asian-box-mountain-view,Asian Box,False,663,Vietnamese,4.0,"['pickup', 'delivery']",$$,142 Castro St,Mountain View,US,CA,"['142 Castro St', 'Mountain View, CA 94041']",+16505843947
EHackOcsmq2vorreTBkytg,giovannis-pizzeria-sunnyvale,Giovanni's Pizzeria,False,663,Pizza,4.0,['delivery'],$$,1127 N Lawrence Expy,Sunnyvale,US,CA,"['1127 N Lawrence Expy', 'Sunnyvale, CA 94089']",+14087344221
JG_xNuxRaG4q7TTHSSxV9g,mr-kebab-union-city-2,Mr Kebab,False,673,Turkish,4.0,"['pickup', 'delivery']",$$,1760 Decoto Rd,Union City,US,CA,"['1760 Decoto Rd', 'Union City, CA 94587']",+15103243035
onhioUeyGgCT1SWDhTADNw,kokoro-ramen-milpitas,Kokoro Ramen,False,677,Ramen,4.0,"['pickup', 'delivery']",$$,263 W Calaveras Blvd,Milpitas,US,CA,"['263 W Calaveras Blvd', 'Milpitas, CA 95035']",+14082625000
zqaHnWF1KU8bI7t1HBKsag,taqueria-los-cunados-milpitas,Taqueria Los Cunados,False,679,Mexican,4.0,"['pickup', 'delivery']",$,196 Ranch Dr,Milpitas,US,CA,"['196 Ranch Dr', 'Milpitas, CA 95035']",+14082620844
D2ymnm3CyN7w7hMlzHd8ng,pizza-and-curry-fremont,Pizza & Curry,False,684,Indian,4.0,"['pickup', 'delivery']",$$,42136 Blacow Rd,Fremont,US,CA,"['42136 Blacow Rd', 'Fremont, CA 94538']",+15106870000
F-3Kl3tn80fq8aquXdHxHg,pho-to-chau-mountain-view-2,Pho To Chau,False,685,Vietnamese,4.0,['pickup'],$$,853 Villa St,Mountain View,US,CA,"['853 Villa St', 'Mountain View, CA 94041']",+16509618069
DdC6vFyHcxvR92pUGZDO1g,bronco-billys-pizza-palace-fremont,Bronco Billy's Pizza Palace,False,689,Pizza,4.0,['delivery'],$,37651 Niles Blvd,Fremont,US,CA,"['37651 Niles Blvd', 'Fremont, CA 94536']",+15107921070
Gqx2aA1Lta2bYqEUBRdRwg,blue-line-pizza-mountain-view,Blue Line Pizza,False,690,Pizza,4.0,['delivery'],$$,146 Castro St,Mountain View,US,CA,"['146 Castro St', 'Mountain View, CA 94041']",+16509387888
AQG8enVJnGepbVow2Jp7SA,chez-tj-mountain-view,Chez TJ,False,696,French,4.0,[],$$$$,938 Villa St,Mountain View,US,CA,"['938 Villa St', 'Mountain View, CA 94041']",+16509647466
TT1t4oHeZmqkoiuwgCN4bQ,india-garden-pleasanton-2,India Garden,False,702,Indian,4.0,"['pickup', 'delivery']",$$,210 Rose Ave,Pleasanton,US,CA,"['210 Rose Ave', 'Pleasanton, CA 94566']",+19254854800
LtIEogQDbjJ6MtlsjXjE4w,little-india-cafe-sunnyvale,Little India Cafe,False,707,Indian,4.0,"['pickup', 'delivery']",$$,415 N Mary Ave,Sunnyvale,US,CA,"['415 N Mary Ave', 'Ste 101', 'Sunnyvale, CA 94085']",+14082456200
wM24MKgNxcWQ3WiZnE7kFA,dog-haus-fremont,Dog Haus,False,708,Hot Dogs,4.0,"['pickup', 'delivery']",$,43456 Boscell Rd,Fremont,US,CA,"['43456 Boscell Rd', 'Fremont, CA 94538']",+15104902800
8nK6-uY6wBCFj_NAa4lLjA,pacific-pourhouse-union-city,Pacific PourHouse,False,717,American (New),4.0,"['pickup', 'restaurant_reservation', 'delivery']",$$,32216 Dyer St,Union City,US,CA,"['32216 Dyer St', 'Union City, CA 94587']",+15107687333
FfSpbeI8_x7ozZUVryo5JA,parcel-104-santa-clara,Parcel 104,False,719,American (New),4.0,['delivery'],$$$,2700 Mission College Blvd,Santa Clara,US,CA,"['2700 Mission College Blvd', 'Santa Clara, CA 95054']",+14089706104
GhowDzBiQkFVo-wxY9PqsA,esthers-german-bakery-los-altos,Esther's German Bakery,False,738,Bakeries,4.0,"['pickup', 'delivery']",$$,987 N San Antonio Rd,Los Altos,US,CA,"['987 N San Antonio Rd', 'Los Altos, CA 94022']",+16509414463
oa0k4i-zi_TdE-DQvCJNmg,bings-dumpling-fremont,Bing's Dumpling,False,740,Dim Sum,4.0,['delivery'],$$,34360 Fremont Blvd,Fremont,US,CA,"['34360 Fremont Blvd', 'Fremont, CA 94555']",+15103205360
Ce5JgEwL7G3HwalAFBcZEQ,napoletana-pizzeria-mountain-view,Napoletana Pizzeria,False,742,Italian,4.0,['delivery'],$$,1910 W El Camino Real,Mountain View,US,CA,"['1910 W El Camino Real', 'Ste C', 'Mountain View, CA 94040']",+16509694884
exmnsc3xUR-GbwppCX_8FA,casa-azteca-milpitas,Casa Azteca,False,742,Mexican,4.0,"['restaurant_reservation', 'pickup']",$$,20 N Abel St,Milpitas,US,CA,"['20 N Abel St', 'Milpitas, CA 95035']",+14089460466
Sf1T-8QWkIUnLHq7zC7juQ,tasty-pot-newark,Tasty Pot,False,747,Taiwanese,4.0,['delivery'],$$,34909 Newark Blvd,Newark,US,CA,"['34909 Newark Blvd', 'Newark, CA 94560']",+15107978889
zNywBR_2w0XXU-uE6wK4rg,baldies-café-union-city-2,Baldie's Café,False,762,Breakfast & Brunch,4.0,['delivery'],$$,2649 Decoto Rd,Union City,US,CA,"['2649 Decoto Rd', 'Union City, CA 94587']",+15104299059
vthv8ZcJl61kw3wN9LrhWg,mission-pizza-and-pub-fremont,Mission Pizza and Pub,False,764,Pizza,4.0,['delivery'],$$,1572 Washington Blvd,Fremont,US,CA,"['1572 Washington Blvd', 'Fremont, CA 94539']",+15106516858
4aosFGqkSRi0AFfABQkMNA,sweet-orchid-fremont,Sweet Orchid,False,768,Desserts,4.0,"['delivery', 'pickup']",$,34460 Fremont Blvd,Fremont,US,CA,"['34460 Fremont Blvd', 'Ste D', 'Fremont, CA 94555']",+15107396300
1gsJ5wVotJKHQ77IklHaWg,oasis-restaurant-and-wine-lounge-pleasanton-12,Oasis Restaurant & Wine Lounge,False,1013,Mediterranean,4.0,"['pickup', 'restaurant_reservation', 'delivery']",$$,780 Main St,Pleasanton,US,CA,"['780 Main St', 'Ste 101', 'Pleasanton, CA 94566']",+19254178438
zO5D1G5WAS5zuTdkmx0HBg,bills-café-pleasanton-3,Bill's Café,False,770,Breakfast & Brunch,4.0,"['delivery', 'pickup']",$$,3015 Hopyard Rd,Pleasanton,US,CA,"['3015 Hopyard Rd', 'Ste A', 'Pleasanton, CA 94588']",+19254265500
i_GuYJ_1hmW-lHeQ4GmOiw,lazy-dog-restaurant-and-bar-newark-2,Lazy Dog Restaurant & Bar,False,1005,American (New),4.0,['delivery'],$$,3100 Newpark Mall,Newark,US,CA,"['3100 Newpark Mall', 'Newark, CA 94560']",+15109252424
qTSUWmWaX5XyFQU7T60ZjQ,nonnis-bistro-pleasanton-2,Nonni's Bistro,False,882,Modern European,4.0,['delivery'],$$,425 Main St,Pleasanton,US,CA,"['425 Main St', 'Pleasanton, CA 94566']",+19256000411
ahh5gNUYFUozXk8kTSK5EA,fiesta-taco-pleasanton,Fiesta Taco,False,641,Tacos,4.0,[],$,1989 Santa Rita Rd,Pleasanton,US,CA,"['1989 Santa Rita Rd', 'Ste J', 'Pleasanton, CA 94566']",+19254170408
4XazTBU2MXR1cUW2eOoQRw,tadamasa-union-city-2,Tadamasa,False,1151,Ramen,4.0,['delivery'],$$,34672 Alvarado Niles Rd,Union City,US,CA,"['34672 Alvarado Niles Rd', 'Union City, CA 94587']",+15104758600
HBaqd1MiDDi9fjI63aaLfQ,anikis-sushi-fremont,Aniki's Sushi,False,2123,Sushi Bars,4.0,['delivery'],$$,3810 Mowry Ave,Fremont,US,CA,"['3810 Mowry Ave', 'Fremont, CA 94538']",+15107973474
WhjrtEC7Osv5Uv-EXIexxQ,gen-korean-bbq-house-fremont-3,Gen Korean BBQ House,False,2093,Korean,4.0,[],$$,43476 Boscell Rd,Fremont,US,CA,"['43476 Boscell Rd', 'Ste M6-B', 'Fremont, CA 94538']",+15105730447
BCRJCJOjHw3oUhfIVrfggA,dish-n-dash-sunnyvale-sunnyvale,Dish N Dash - Sunnyvale,False,1110,Middle Eastern,4.0,['delivery'],$$,736 N Mathilda Ave,Sunnyvale,US,CA,"['736 N Mathilda Ave', 'Sunnyvale, CA 94085']",+14085309200
ZimdCe2xCAOOZjt1aQAMvg,chef-chus-los-altos,Chef Chu's,False,1821,Chinese,4.0,['delivery'],$$,1067 N San Antonio Rd,Los Altos,US,CA,"['1067 N San Antonio Rd', 'Los Altos, CA 94022']",+16509482696
P9JoWQhkA0BrnSz8Jh6wNw,market-broiler-fremont-fremont,Market Broiler - Fremont,False,1688,Seafood,4.0,['delivery'],$$,43406 Christy St,Fremont,US,CA,"['43406 Christy St', 'Pacific Commons Shopping Ct', 'Fremont, CA 94538']",+15107918675
rTUV3mPTGcALQrKgdokACA,so-gong-dong-tofu-house-palo-alto,So Gong Dong Tofu House,False,1577,Korean,4.0,['delivery'],$$,4127 El Camino Real,Palo Alto,US,CA,"['4127 El Camino Real', 'Palo Alto, CA 94306']",+16504248805
yKpUdq-5cP5KJRq_MOw86Q,din-ding-dumpling-house-fremont-4,Din Ding Dumpling House,False,1523,Shanghainese,4.0,"['pickup', 'delivery']",$$,3213 Walnut Ave,Fremont,US,CA,"['3213 Walnut Ave', 'Fremont, CA 94538']",+15107978122
eFC7vWSJO2Ua5poPjShoww,de-afghanan-cuisine-fremont,De Afghanan Cuisine,False,1513,Afghan,4.0,"['pickup', 'delivery']",$$,37395 Fremont Blvd,Fremont,US,CA,"['37395 Fremont Blvd', 'Fremont, CA 94536']",+15108571009
uysbOIdKn3PVLzXhTD10gg,sultans-kebab-pleasanton,Sultan's Kebab,False,1179,Mediterranean,4.0,['pickup'],$$,6654 Koll Center Pkwy,Pleasanton,US,CA,"['6654 Koll Center Pkwy', 'Ste 205', 'Pleasanton, CA 94566']",+19258462511
j2rJ3W5c_CZ2tQh2QJ4oUA,sushi-tomi-mountain-view-2,Sushi Tomi,False,2254,Sushi Bars,4.0,['delivery'],$$,635 W Dana St,Mountain View,US,CA,"['635 W Dana St', 'Mountain View, CA 94040']",+16509683227
5hoAAdJ2XUVwFnmX49nyqw,colosseum-new-york-pizza-milpitas-5,Colosseum New York Pizza,False,1180,Pizza,4.0,['pickup'],$$,761 E Capitol Ave,Milpitas,US,CA,"['761 E Capitol Ave', 'Milpitas, CA 95035']",+14082628633
x2FqwlVxoH6mgo_MWYEj8w,new-thai-bistro-pleasanton-2,New Thai Bistro,False,1187,Thai,4.0,"['pickup', 'delivery']",$$,4301 D Valley Ave,Pleasanton,US,CA,"['4301 D Valley Ave', 'Pleasanton, CA 94566']",+19254257333
MGEuV75BBmwb9y4Nk8uUQw,vive-sol-mountain-view,Vive Sol,False,1327,Mexican,4.0,['delivery'],$$,2020 W El Camino Real,Mountain View,US,CA,"['2020 W El Camino Real', 'Mountain View, CA 94040']",+16509382020
h7Bh54Q6QEdDFtYC0LPxaQ,mioki-sushi-fremont,Mioki Sushi,False,1208,Sushi Bars,4.0,['pickup'],$$,3924 Decoto Rd,Fremont,US,CA,"['3924 Decoto Rd', 'Fremont, CA 94555']",+15107925677
ViNQhKtRYtOdtltzXGPaIQ,blaze-pizza-fremont-2,Blaze Pizza,False,1208,Pizza,4.0,[],$$,43831 Pacific Commons Blvd,Fremont,US,CA,"['43831 Pacific Commons Blvd', 'Fremont, CA 94538']",+15105640572
zg2YdzV9PgDAIUuaPli_pw,favorite-indian-restaurant-hayward,Favorite Indian Restaurant,False,1319,Indian,4.0,"['pickup', 'delivery']",$$,24052 Mission Blvd,Hayward,US,CA,"['24052 Mission Blvd', 'Hayward, CA 94544']",+15105837550
Qu-U2jL_cEY_8SeQwyQHZA,bob-sang-korean-bbq-and-tofu-fremont,Bob Sang Korean BBQ & Tofu,False,1280,Korean,4.0,"['pickup', 'delivery']",$$,4185 Cushing Pkwy,Fremont,US,CA,"['4185 Cushing Pkwy', 'Fremont, CA 94538']",+15102529844
DZR_JRTShGdXpdI3hv983w,skilletz-cafe-fremont,Skillet'z Cafe,False,1226,American (New),4.0,['delivery'],$$,37378 Niles Blvd,Fremont,US,CA,"['37378 Niles Blvd', 'Fremont, CA 94536']",+15107097398
hmyCeH2pDgaK61Tf_X7gzw,satomi-sushi-fremont,Satomi Sushi,False,2210,Sushi Bars,4.0,['delivery'],$$,3655 Thornton Ave,Fremont,US,CA,"['3655 Thornton Ave', 'Fremont, CA 94536']",+15107920700
5Pik34EY1zRXYQGzBV_d8g,vaso-azzurro-ristorante-mountain-view,Vaso Azzurro Ristorante,False,1703,Italian,4.0,"['pickup', 'delivery']",$$,108 Castro St,Mountain View,US,CA,"['108 Castro St', 'Mountain View, CA 94041']",+16509401717
H8GLq1c-VXz6Krf_tWqqJw,country-way-fremont-2,Country Way,False,2258,American (Traditional),4.0,['delivery'],$$,5325 Mowry Ave,Fremont,US,CA,"['5325 Mowry Ave', 'Fremont, CA 94538']",+15107973188
P1eEPolk9EDGqVn1Jyncww,the-sea-by-alexanders-steakhouse-palo-alto-3,The Sea by Alexander's Steakhouse,False,1080,Seafood,4.0,"['pickup', 'delivery']",$$$$,4269 El Camino Real,Palo Alto,US,CA,"['4269 El Camino Real', 'Palo Alto, CA 94306']",+16502131111
wMjksqEhNJhtdKvFbsXWrQ,texas-roadhouse-union-city-4,Texas Roadhouse,False,2896,Steakhouses,4.0,[],$$,32115 Union Landing Blvd,Union City,US,CA,"['32115 Union Landing Blvd', 'Union City, CA 94587']",+15103247623
ajSiL0KXQF3T2Y0rfCyLYA,mint-and-basil-milpitas,Mint & Basil,False,1029,Vietnamese,4.0,['pickup'],$$,1741 N Milpitas Blvd,Milpitas,US,CA,"['1741 N Milpitas Blvd', 'Milpitas, CA 95035']",+16692355285
WrJjEbicYcQwpZJLRJFPCg,pho-kim-long-restaurant-san-jose,Pho Kim Long Restaurant,False,2597,Vietnamese,4.0,"['pickup', 'delivery']",$$,2082 N Capitol Ave,San Jose,US,CA,"['2082 N Capitol Ave', 'San Jose, CA 95132']",+14089462181
8KayUocIVMfgfEuqP1Q-rw,pepper-lunch-usa-milpitas,Pepper Lunch USA,False,2504,Teppanyaki,4.0,['delivery'],$$,408 Barber Ln,Milpitas,US,CA,"['408 Barber Ln', 'Milpitas, CA 95035']",+14085770778
Ysy1QTNCZLa0SvN2xjF-nQ,sala-thai-2-fremont-3,Sala Thai 2,False,1062,Thai,4.0,['delivery'],$$,44800 S Grimmer Blvd,Fremont,US,CA,"['44800 S Grimmer Blvd', 'Fremont, CA 94538']",+15104450088
Hq34akidMdn87H9G-UAWTw,le-moose-crepe-cafe-fremont,Le Moose Crepe Cafe,False,1271,Creperies,4.0,"['pickup', 'delivery']",$$,5014 Mowry Ave,Fremont,US,CA,"['5014 Mowry Ave', 'Fremont, CA 94538']",+15107457288
s_f_ZsFqWa1VJAAc1pXiqw,sala-thai-fremont-2,Sala Thai,False,2287,Thai,4.0,['delivery'],$$,3241 Walnut Ave,Fremont,US,CA,"['3241 Walnut Ave', 'Fremont, CA 94538']",+15107920770
RX6tZa7HhZ-bo7NvEBVryQ,gong-cha-fremont,Gong Cha,False,1094,Bubble Tea,4.0,"['pickup', 'delivery']",$,46827 Warm Springs Blvd,Fremont,US,CA,"['46827 Warm Springs Blvd', 'Unit 101', 'Fremont, CA 94539']",+15102708118
RwwHtY6oKdLnbjNOAz3Ceg,los-altos-taqueria-mountain-view-3,Los Altos Taqueria,False,701,Mexican,3.5,['pickup'],$,2105 Old Middlefield Way,Mountain View,US,CA,"['2105 Old Middlefield Way', 'Ste E', 'Mountain View, CA 94043']",+16509657236
wQKByAm00s8UDyHsusKuqw,biryani-bowl-fremont-7,Biryani Bowl,False,758,Indian,3.5,"['delivery', 'pickup']",$$,3988 Washington Blvd,Fremont,US,CA,"['3988 Washington Blvd', 'Fremont, CA 94538']",+15102479264
O1WZN0gDZuIV1JOuhkB3zg,mumbai-chowk-newark,Mumbai Chowk,False,786,Indian,3.5,['delivery'],$$,35144 Newark Blvd,Newark,US,CA,"['35144 Newark Blvd', 'Newark, CA 94560']",+15106084762
DCGZGnKs6pG_gJrLjltfhg,gaters-fremont-3,Gaters,False,1008,Middle Eastern,3.5,"['pickup', 'delivery']",$$,3846 Mowry Ave,Fremont,US,CA,"['3846 Mowry Ave', 'Fremont, CA 94538']",+15104949944
Ia6BrNCYvNiXRigMLUK-Gw,sakis-spin-a-yarn-restaurant-fremont,Saki's Spin A Yarn Restaurant,False,647,Steakhouses,3.5,"['pickup', 'delivery']",$$$,45915 Warm Springs Blvd,Fremont,US,CA,"['45915 Warm Springs Blvd', 'Fremont, CA 94539']",+15106569141
_1-stUG9Bqn5Xuoobvp31Q,scratch-mountain-view-2,Scratch,False,1280,American (New),3.5,['delivery'],$$,401 Castro St,Mountain View,US,CA,"['401 Castro St', 'Mountain View, CA 94041']",+16502373121
mV4t6Wna3JRg1YEUijEprg,tres-potrillos-sunnyvale-2,Tres Potrillos,False,648,Mexican,3.5,"['pickup', 'delivery']",$$,670 N Fair Oaks Ave,Sunnyvale,US,CA,"['670 N Fair Oaks Ave', 'Sunnyvale, CA 94085']",+14087358657
M7ly0NAz21uCDa08vOAQew,taqueria-las-vegas-milpitas,Taqueria Las Vegas,False,765,Mexican,3.5,"['pickup', 'delivery']",$,1417 N Milpitas Blvd,Milpitas,US,CA,"['1417 N Milpitas Blvd', 'Milpitas, CA 95035']",+14082622415
fIkq8QDTEujwWAxjqJR7sQ,maneki-sushi-union-city,Maneki Sushi,False,654,Japanese,3.5,['delivery'],$$,31810 Alvarado Blvd,Union City,US,CA,"['31810 Alvarado Blvd', 'Union City, CA 94587']",+15104891077
ooEPu3TtdSaM-vAC0LAPaw,shana-thai-restaurant-mountain-view,Shana Thai Restaurant,False,1326,Thai,3.5,"['pickup', 'restaurant_reservation', 'delivery']",$$,311 Moffett Blvd,Mountain View,US,CA,"['311 Moffett Blvd', 'Ste A', 'Mountain View, CA 94043']",+16509409990
RSCBJPiq7j5Kt6zDz7FlPQ,the-kickin-crab-san-jose,The Kickin' Crab,False,2020,Seafood,3.5,['delivery'],$$,2675 Cropley Ave,San Jose,US,CA,"['2675 Cropley Ave', 'San Jose, CA 95132']",+14089450888
AOID716IwZk142q7VnicDA,banana-leaf-restaurant-milpitas,Banana Leaf Restaurant,False,2620,Asian Fusion,3.5,"['pickup', 'restaurant_reservation', 'delivery']",$$,182 Ranch Dr,Milpitas,US,CA,"['182 Ranch Dr', 'Milpitas, CA 95035']",+14087199811
IuJqH7eHwEpnCcPJc3DQPQ,giorgios-italian-food-and-pizzeria-milpitas-3,Giorgio's Italian Food & Pizzeria,False,660,Italian,3.5,"['pickup', 'delivery']",$$,643 E Calaveras Blvd,Milpitas,US,CA,"['643 E Calaveras Blvd', 'Milpitas, CA 95035']",+14089421292
SLcQZJQvOamK8vuHBt5PjQ,kappo-nami-nami-mountain-view-3,Kappo Nami Nami,False,661,Japanese,3.5,"['pickup', 'delivery']",$$,240 Castro St,Mountain View,US,CA,"['240 Castro St', 'Mountain View, CA 94041']",+16509646990
SVRClUhTRycD-OcrqLS22w,red-chili-hayward,Red Chili,False,1365,Thai,3.5,"['pickup', 'delivery']",$$,29583 Mission Blvd,Hayward,US,CA,"['29583 Mission Blvd', 'Hayward, CA 94544']",+15108818593
LviZ2uhrP5QWCP--SLpxSQ,kalesa-milpitas,Kalesa,False,787,Filipino,3.5,"['pickup', 'delivery']",$$,1783 N Milpitas Blvd,Milpitas,US,CA,"['1783 N Milpitas Blvd', 'Milpitas, CA 95035']",+14089577777
yLSF2IOJI17v-Di-Y3bJ1w,pho-saigon-noodle-house-milpitas,Pho Saigon Noodle House,False,661,Vietnamese,3.5,['pickup'],$,1455 Landess Ave,Milpitas,US,CA,"['1455 Landess Ave', 'Milpitas, CA 95035']",+14082638936
Ep2OvqdRFAJaz1-OlhJQtQ,steins-beer-garden-and-restaurant-mountain-view-2,Steins Beer Garden & Restaurant,False,1378,American (New),3.5,"['pickup', 'delivery']",$$,895 Villa St,Mountain View,US,CA,"['895 Villa St', 'Mountain View, CA 94041']",+16509639568
S5WtAuhpiDGcSobw1kEs9w,truong-thanh-restaurant-milpitas,Truong Thanh Restaurant,False,666,Vietnamese,3.5,"['pickup', 'delivery']",$$,680 Barber Ln,Milpitas,US,CA,"['680 Barber Ln', 'Milpitas, CA 95035']",+14083830886
BXZ-LthmxddK5rNnPdM6nA,vung-tau-ii-restaurant-milpitas-2,Vung Tau II Restaurant,False,672,Vietnamese,3.5,"['pickup', 'delivery']",$$,1750 N Milpitas Blvd,Milpitas,US,CA,"['1750 N Milpitas Blvd', 'Milpitas, CA 95035']",+14089349327
DwF1fPz24weB7wPpZHe2zA,shalimar-restaurant-fremont,Shalimar Restaurant,False,1507,Indian,3.5,['delivery'],$$,3325 Walnut Ave,Fremont,US,CA,"['3325 Walnut Ave', 'Fremont, CA 94538']",+15104941919
FcPLtI_sPLkWuUF-FAmq3g,gay-90s-pizza-pleasanton,Gay 90's Pizza,False,664,Italian,3.5,"['pickup', 'delivery']",$$,288 Main St,Pleasanton,US,CA,"['288 Main St', 'Pleasanton, CA 94566']",+19258462520
maijjvJdSpyXXiAPvDbM6w,new-india-chaat-cafe-san-jose-2,New India Chaat Cafe,False,733,Indian,3.5,"['pickup', 'delivery']",$$,1645 Flickinger Ave,San Jose,US,CA,"['1645 Flickinger Ave', 'San Jose, CA 95131']",+14082516600
OizdSSUkEm78rX9OijERZA,mikaylas-cafe-santa-clara,Mikayla's Cafe,False,733,American (Traditional),3.5,"['pickup', 'delivery']",$$,2209 Tasman Dr,Santa Clara,US,CA,"['2209 Tasman Dr', 'Santa Clara, CA 95054']",+14089888803
ewm6yJSLUbf2PLCxpUYI_Q,toppings-too-restaurant-union-city,Toppings Too Restaurant,False,726,Filipino,3.5,['delivery'],$,3910 Smith St,Union City,US,CA,"['3910 Smith St', 'Union City, CA 94587']",+15104291058
oHGpQdtIUfQPDEzxVKBJDw,blue-water-seafood-and-crab-san-jose,Blue Water Seafood & Crab,False,692,Seafood,3.5,"['pickup', 'delivery']",$$,4180 N 1st St,San Jose,US,CA,"['4180 N 1st St', 'Unit 10', 'San Jose, CA 95134']",+14084935112
1QJiMa54JzE3uuWhjs0EJg,naan-n-masala-milpitas,Naan N Masala,False,1578,Indian,3.5,"['pickup', 'delivery']",$,94 S Dempsey Rd,Milpitas,US,CA,"['94 S Dempsey Rd', 'Milpitas, CA 95035']",+14082639400
vhbNkyLlXRjs9KQv8qFcfA,ephesus-mountain-view,Ephesus,False,713,Mediterranean,3.5,"['pickup', 'delivery']",$$,185 Castro St,Mountain View,US,CA,"['185 Castro St', 'Mountain View, CA 94041']",+16506258155
YQrIesXAfl772IPHQbp4LA,maru-ichi-mountain-view,Maru Ichi,False,1819,Ramen,3.5,['delivery'],$$,368 Castro St,Mountain View,US,CA,"['368 Castro St', 'Mountain View, CA 94041']",+16505649931
VkR8UKEuUNnERao2NDYyJg,sakoon-mountain-view-3,Sakoon,False,1462,Indian,3.5,"['pickup', 'delivery']",$$,357 Castro St,Mountain View,US,CA,"['357 Castro St', '1 and 2', 'Mountain View, CA 94041']",+16509652000
o8JXGeY0vunuBsUdkoxd2w,five-guys-fremont-2,Five Guys,False,1011,Burgers,3.5,['delivery'],$,43518 Christy St,Fremont,US,CA,"['43518 Christy St', 'Pacific Commons Shopping Ctr', 'Fremont, CA 94538']",+15103531331
19KP4cpsI1ClP2jWVvWm4g,tins-teapot-bistro-hayward,Tins Teapot Bistro,False,791,Dim Sum,3.5,['pickup'],$$,320 Jackson St,Hayward,US,CA,"['320 Jackson St', 'Hayward, CA 94544']",+15108810211
mSR2ERlx725ZTLrdSa-vCQ,la-piñata-fremont-2,La Piñata,False,871,Mexican,3.5,"['pickup', 'delivery']",$$,39136 Paseo Padre Pkwy,Fremont,US,CA,"['39136 Paseo Padre Pkwy', 'Fremont, CA 94538']",+15107906550
WAo42c41_0Y0tifXbwuo8w,fuki-sushi-palo-alto,Fuki Sushi,False,875,Sushi Bars,3.5,['delivery'],$$$,4119 El Camino Real,Palo Alto,US,CA,"['4119 El Camino Real', 'Palo Alto, CA 94306']",+16504949383
mLfp5kXb_oNaIQgpWa7TxA,la-piñata-hayward-3,La Piñata,False,878,Mexican,3.5,['delivery'],$$,904 Rose St,Hayward,US,CA,"['904 Rose St', 'Hayward, CA 94541']",+15105389967
kmbMuckOsBh56Lpb0OpN7A,rays-crab-shack-newark,Ray's Crab Shack,False,1264,Seafood,3.5,['delivery'],$$,5989 Mowry Ave,Newark,US,CA,"['5989 Mowry Ave', 'Newark, CA 94560']",+15107928808
_VbAjCG5BYS55U0F3nTMtA,tomodachi-sushi-bistro-hayward,Tomodachi Sushi Bistro,False,882,Sushi Bars,3.5,['pickup'],$$,24123 Hesperian Blvd,Hayward,US,CA,"['24123 Hesperian Blvd', 'Hayward, CA 94545']",+15109403800
K6IdrX5prUvA5iAMCdQfGw,cascal-mountain-view,Cascal,False,2975,Tapas Bars,3.5,['delivery'],$$,400 Castro St,Mountain View,US,CA,"['400 Castro St', 'Mountain View, CA 94041']",+16509409500
_GUevU0rQI_68qGQ1LP2Sg,break-your-fast-union-city,Break Your Fast,False,891,American (Traditional),3.5,['delivery'],$,1688 Decoto Rd,Union City,US,CA,"['1688 Decoto Rd', 'Union City, CA 94587']",+15103248599
P_LVTJh1-2YyRhhX2inZGA,taqueria-la-espuela-mountain-view,Taqueria La Espuela,False,1110,Mexican,3.5,['delivery'],$,854 W Dana St,Mountain View,US,CA,"['854 W Dana St', 'Mountain View, CA 94041']",+16509691464
82dJOAgboISJBJYXm2Jdbw,pho-mai-san-jose,Pho Mai,False,1106,Vietnamese,3.5,"['pickup', 'delivery']",$,3074 Landess Ave,San Jose,US,CA,"['3074 Landess Ave', 'San Jose, CA 95132']",+14082634323
PPwmpycJoI-tOQ3VOJyDsg,happy-lamb-hot-pot-union-city,Happy Lamb Hot Pot,False,920,Chinese,3.5,['delivery'],$$,34396 Alvarado Niles Rd,Union City,US,CA,"['34396 Alvarado Niles Rd', 'Union City, CA 94587']",+15106759919
OxX8yGk3RQu-agShBQ9CnQ,ajisen-ramen-fremont,Ajisen Ramen,False,924,Ramen,3.5,['delivery'],$$,47890 Warm Springs Blvd,Fremont,US,CA,"['47890 Warm Springs Blvd', 'Fremont, CA 94539']",+15103531133
qZniuo41sflX0NEciBxueQ,the-counter-fremont-fremont-3,The Counter Fremont,False,1104,Burgers,3.5,"['pickup', 'delivery']",$$,39350 Paseo Padre Pkwy,Fremont,US,CA,"['39350 Paseo Padre Pkwy', 'Gateway Plaza', 'Fremont, CA 94538']",+15107968800
PPtP6TEkNL-FDSDlm74TKQ,milpitas-sgd-tofu-house-milpitas,Milpitas SGD Tofu House,False,936,Korean,3.5,"['pickup', 'delivery']",$$,231 W Calaveras Blvd,Milpitas,US,CA,"['231 W Calaveras Blvd', 'Milpitas, CA 95035']",+14082625454
nwxPiGlutunBw8J4F1kIIw,layang-layang-milpitas,Layang Layang,False,949,Malaysian,3.5,"['pickup', 'delivery']",$$,181 W Calaveras Blvd,Milpitas,US,CA,"['181 W Calaveras Blvd', 'Milpitas, CA 95035']",+14082636788
TSOJwiC1eTGkJSsgXCPQlQ,patxis-pizza-san-jose,Patxi's Pizza,False,973,Pizza,3.5,"['pickup', 'delivery']",$$,3350 Zanker Rd,San Jose,US,CA,"['3350 Zanker Rd', 'Ste 30', 'San Jose, CA 95134']",+14085261999
ErLMS5CZj8aVgTR4AUo7Vw,black-bear-diner-milpitas,Black Bear Diner,False,1055,Diners,3.5,[],$$,174 W Calaveras Blvd,Milpitas,US,CA,"['174 W Calaveras Blvd', 'Milpitas, CA 95035']",+14089462327
w6e4cMnpRwrj_LvDHt4Ltw,buon-appetito-restaurant-hayward,Buon Appetito Restaurant,False,1033,Italian,3.5,['delivery'],$$,917 A St,Hayward,US,CA,"['917 A St', 'Hayward, CA 94541']",+15102470120
EsCqaHWDAkAdGYST4w1lCw,darda-seafood-restaurant-milpitas,Darda Seafood Restaurant,False,1000,Chinese,3.5,"['pickup', 'delivery']",$$,296 Barber Ct,Milpitas,US,CA,"['296 Barber Ct', 'Milpitas, CA 95035']",+14084335199
nNuDhdlOMitjiB17txExiw,crepevine-restaurants-mountain-view-2,Crepevine Restaurants,False,1017,American (New),3.5,"['pickup', 'delivery']",$$,300 Castro St,Mountain View,US,CA,"['300 Castro St', 'Mountain View, CA 94041']",+16509696878
RviSR-PVrtYCf0mxNaJfXg,backyard-bayou-union-city-2,Backyard Bayou,False,1005,Cajun/Creole,3.5,"['pickup', 'delivery']",$$,32280 Dyer St,Union City,US,CA,"['32280 Dyer St', 'Union City, CA 94587']",+15106750095
k3Y9MYFL8tfkDfo_qQKT-g,pakwan-restaurant-fremont-2,Pakwan Restaurant,False,874,Indian,3.5,[],$$,41068 Fremont Blvd,Fremont,US,CA,"['41068 Fremont Blvd', 'Fremont, CA 94538']",+15102266234
mQRoJQKiRUK6zpYxJXaxqA,chick-fil-a-san-jose,Chick-fil-A,False,879,Fast Food,3.5,[],$,53 Headquarters Dr,San Jose,US,CA,"['53 Headquarters Dr', 'San Jose, CA 95134']",+14085260600
9fdAaPB4kn8YdXQNnotDwg,pho-vi-hoa-los-altos,Pho Vi Hoa,False,1118,Vietnamese,3.5,"['pickup', 'delivery']",$$,4546 El Camino Real,Los Altos,US,CA,"['4546 El Camino Real', 'Los Altos, CA 94022']",+16509471290
4TCEMU0ucbB7K5wTgk5SrA,chaat-bhavan-fremont-fremont-2,Chaat Bhavan - Fremont,False,1132,Indian,3.5,"['pickup', 'delivery']",$$,5355 Mowry Ave,Fremont,US,CA,"['5355 Mowry Ave', 'Fremont, CA 94538']",+15107951100
13C2mXn-GyuqlUuADpQWkw,fu-lam-mum-mountain-view,Fu Lam Mum,False,1211,Dim Sum,3.5,"['pickup', 'delivery']",$$,153 Castro St,Mountain View,US,CA,"['153 Castro St', 'Mountain View, CA 94041']",+16509671689
5Kz0xNdUTS5xuO5UTHMDig,pacific-catch-mountain-view,Pacific Catch,False,798,Seafood,3.5,"['delivery', 'pickup']",$$,545 San Antonio Rd,Mountain View,US,CA,"['545 San Antonio Rd', 'Ste 34', 'Mountain View, CA 94040']",+16509411810
sGeSJtMIKfluaJPEbL3T_A,bushido-izakaya-restaurant-mountain-view,Bushido Izakaya Restaurant,False,803,Sushi Bars,3.5,['delivery'],$$,156 Castro St,Mountain View,US,CA,"['156 Castro St', 'Mountain View, CA 94041']",+16503866821
fC2Q-4z_caKr5NCgr3JFTQ,ramen-izakaya-yu-gen-mountain-view-6,Ramen Izakaya Yu-Gen,False,807,Ramen,3.5,"['delivery', 'pickup']",$$,152 Castro St,Mountain View,US,CA,"['152 Castro St', 'Mountain View, CA 94041']",+16504280888
PsLD76F5PAv6rfN3ofyA9w,queen-house-mountain-view,Queen House,False,815,Chinese,3.5,"['delivery', 'pickup']",$$,273 Castro St,Mountain View,US,CA,"['273 Castro St', 'Mountain View, CA 94041']",+16509600580
7TPhuOdvfEeavKmYSUVKFQ,paul-martins-american-grill-mountain-view-mountain-view,Paul Martin's American Grill - Mountain View,False,825,American (New),3.5,"['pickup', 'delivery']",$$,545 San Antonio Rd,Mountain View,US,CA,"['545 San Antonio Rd', 'Mountain View, CA 94040']",+16509179941
vaJJXX_OdoLMAEijl93gaQ,dohatsuten-palo-alto,Dohatsuten,False,780,Ramen,3.5,"['pickup', 'delivery']",$$,799 San Antonio Rd,Palo Alto,US,CA,"['799 San Antonio Rd', 'Palo Alto, CA 94303']",+16504932878
7pNZ3NjY3Qf0GkRXo-mi0A,el-torito-milpitas,El Torito,False,864,Mexican,3.5,['delivery'],$$,477 E Calaveras Blvd,Milpitas,US,CA,"['477 E Calaveras Blvd', 'Milpitas, CA 95035']",+14089468012
V_hE0jTOG-h4sQesCqh5kw,verde-tea-cafe-mountain-view,Verde Tea Cafe,False,1120,Cafes,3.5,['delivery'],$,852 Villa St,Mountain View,US,CA,"['852 Villa St', 'Mountain View, CA 94041']",+16502109986
komHBc-qu_RPDPWUqItwbg,nijo-castle-newark-4,Nijo Castle,False,702,Japanese,3.0,['delivery'],$$,39888 Balentine Dr,Newark,US,CA,"['39888 Balentine Dr', 'Newark, CA 94560']",+15106576456
mt83b0I9JziGVN66uumWNw,china-palace-milpitas,China Palace,False,857,Chinese,3.0,[],$,688 Barber Ln,Milpitas,US,CA,"['688 Barber Ln', 'Milpitas, CA 95035']",+14088947060
ukVQAlOEK8zuuQvYSW5cbg,smoking-pig-bbq-fremont-2,Smoking Pig BBQ,False,1006,Barbeque,3.0,"['pickup', 'delivery']",$$,3340 Mowry Avenue,Fremont,US,CA,"['3340 Mowry Avenue', 'Fremont, CA 94538']",+15107131854
33RrbAgCYY-TPA44wkZaSg,amarin-thai-cuisine-mountain-view,Amarin Thai Cuisine,False,1280,Thai,3.0,['delivery'],$$,174 Castro St,Mountain View,US,CA,"['174 Castro St', 'Mountain View, CA 94041']",+16509889323
BHj3GPOGsw017iH7PtuqUA,dave-and-busters-milpitas-3,Dave & Buster's,False,2812,Bars,3.0,['delivery'],$$,940 Great Mall Dr,Milpitas,US,CA,"['940 Great Mall Dr', 'Milpitas, CA 95035']",+14089579215
cPIrXiiy8bgYa6dyLczc9g,outback-steakhouse-milpitas,Outback Steakhouse,False,714,Steakhouses,3.0,[],$$,1246 Great Mall Dr,Milpitas,US,CA,"['1246 Great Mall Dr', 'Milpitas, CA 95035']",+14082635400
jha1UpXzadMHbC-NxV1tJQ,gerrys-grill-and-bar-union-city,Gerry's Grill and Bar,False,1004,Filipino,3.0,"['pickup', 'delivery']",$$,31005 Courthouse Dr,Union City,US,CA,"['31005 Courthouse Dr', 'Union Landing Complex', 'Union City, CA 94587']",+15104419900
XGprFc9iX7rlhXXU7g-ofQ,banh-thai-restaurant-fremont,Banh Thai Restaurant,False,654,Thai,3.0,"['pickup', 'delivery']",$$,39060 Fremont Blvd,Fremont,US,CA,"['39060 Fremont Blvd', 'Fremont, CA 94538']",+15107391138
ySxKLsA8zT53fWVsoHhKlQ,red-robin-gourmet-burgers-and-brews-santa-clara,Red Robin Gourmet Burgers and Brews,False,993,Burgers,3.0,"['pickup', 'delivery']",$$,3906 Rivermark Plz,Santa Clara,US,CA,"['3906 Rivermark Plz', 'Santa Clara, CA 95054']",+14088550630
1NupHFQiFSwsLymlUBJfpg,little-madfish-fremont-2,Little Madfish,False,1056,Japanese,3.0,['delivery'],$$,43337 Christy St,Fremont,US,CA,"['43337 Christy St', 'Pacific Commons Shopping Ctr', 'Fremont, CA 94538']",+15106519000
3TRKFxAHl5gg3WZrB6TwPg,romanos-macaroni-grill-milpitas-3,Romano's Macaroni Grill,False,976,Italian,3.0,"['pickup', 'delivery']",$$,110 Ranch Dr,Milpitas,US,CA,"['110 Ranch Dr', 'Milpitas, CA 95035']",+14089359875
yXsePcZC29CKn_NxSbS_ZQ,olive-garden-italian-restaurant-milpitas-3,Olive Garden Italian Restaurant,False,812,Italian,3.0,[],$$,1350 Great Mall Dr,Milpitas,US,CA,"['1350 Great Mall Dr', 'Milpitas, CA 95035']",+14089358176
P46a5XTeWHs0_Ikb64Th_g,famous-daves-bar-b-que-hayward-2,Famous Dave's Bar-B-Que,False,669,Barbeque,3.0,"['pickup', 'delivery']",$$,790 W Winton Ave,Hayward,US,CA,"['790 W Winton Ave', 'Hayward, CA 94545']",+15107822030
I-NqAsKW1jCkSiCVtljzcg,koi-palace-milpitas,Koi Palace,False,1098,Dim Sum,3.0,"['pickup', 'restaurant_reservation', 'delivery']",$$,768 Barber Ln,Milpitas,US,CA,"['768 Barber Ln', 'Milpitas, CA 95035']",+14084328833
HQdE3-eWIGOOhhS00fBceQ,olive-garden-italian-restaurant-fremont-3,Olive Garden Italian Restaurant,False,682,Italian,3.0,[],$$,39145 Farwell Dr,Fremont,US,CA,"['39145 Farwell Dr', 'Fremont, CA 94538']",+15107967500
DX58UgHggkDWH2IXVKoZ-A,curry-up-now-san-jose,Curry Up Now,False,742,Indian,3.0,"['delivery', 'pickup']",$$,3250 Zanker Rd,San Jose,US,CA,"['3250 Zanker Rd', 'Ste 30', 'San Jose, CA 95134']",+14087703541
ngTHoUY8I_-kPLlc71hVDg,claim-jumper-restaurants-fremont,Claim Jumper Restaurants,False,1690,Steakhouses,3.0,['delivery'],$$,43330 Pacific Commons Blvd,Fremont,US,CA,"['43330 Pacific Commons Blvd', 'Fremont, CA 94538']",+15104451850
6fsQBl5UzfeOQp9dytgujA,bks-bistro-fremont,BK's Bistro,False,827,Dim Sum,3.0,['delivery'],$$,3113 Stevenson Blvd,Fremont,US,CA,"['3113 Stevenson Blvd', 'Fremont, CA 94538']",+15107708818
-iIjtbbSGVwg0tdPq5k-8g,bjs-restaurant-and-brewhouse-newark,BJ's Restaurant & Brewhouse,False,1609,American (New),3.0,['delivery'],$$,5699 Mowry Ave,Newark,US,CA,"['5699 Mowry Ave', 'Newark, CA 94560']",+15104563750
RQfcpPqjhRqXqUpPzmZJpA,la-victoria-taqueria-hayward,La Victoria Taqueria,False,846,Mexican,3.0,"['pickup', 'delivery']",$,26953 Mission Blvd,Hayward,US,CA,"['26953 Mission Blvd', 'Hayward, CA 94544']",+15105378700
20emxStOqZhAXdWswkf_qQ,the-counter-mountain-view-mountain-view-2,The Counter Mountain View,False,693,Burgers,3.0,"['pickup', 'delivery']",$$,2580 W El Camino Real,Mountain View,US,CA,"['2580 W El Camino Real', 'Mountain View, CA 94040']",+16509482333
en42ycaD7FWAGQY9Itn8IQ,boiling-point-fremont,Boiling Point,False,1178,Hot Pot,3.0,['delivery'],$$,46807 Warm Springs Blvd,Fremont,US,CA,"['46807 Warm Springs Blvd', 'Fremont, CA 94539']",+15104988896
zydXFGiOUZwX2Z2EXtQrTQ,olive-garden-italian-restaurant-hayward-4,Olive Garden Italian Restaurant,False,762,Italian,3.0,[],$$,24688 Hesperian Blvd,Hayward,US,CA,"['24688 Hesperian Blvd', 'Hayward, CA 94545']",+15107826385
MR9A76KvXw6cL7qbQtX2qQ,saigon-seafood-harbor-restaurant-sunnyvale,Saigon Seafood Harbor Restaurant,False,1691,Dim Sum,3.0,['pickup'],$$,1135 Lawrence Expy,Sunnyvale,US,CA,"['1135 Lawrence Expy', 'Sunnyvale, CA 94089']",+14087342828
LenRgAe-8kjyyM-ZGkL7Iw,saravanaa-bhavan-fremont-2,Saravanaa Bhavan,False,699,Indian,2.5,"['pickup', 'delivery']",$$,3720 Mowry Ave,Fremont,US,CA,"['3720 Mowry Ave', 'Fremont, CA 94538']",+15107917755
FVxohIFE_N5_XH3zHlZfsQ,mayflower-restaurant-milpitas,Mayflower Restaurant,False,938,Chinese,2.5,['delivery'],$$,428 Barber Ln,Milpitas,US,CA,"['428 Barber Ln', 'Milpitas, CA 95035']",+14089222700
iTyqLtlOE32LSlH8qpN-Gw,tgi-fridays-union-city,TGI Fridays,False,747,American (Traditional),2.5,"['restaurant_reservation', 'delivery']",$$,31900 Dyer St,Union City,US,CA,"['31900 Dyer St', 'Union City, CA 94587']",+15104892797
bWmk1Bx-Ad7NxGbKryeYjQ,anjappar-chettinad-indian-restaurant-milpitas,Anjappar Chettinad Indian Restaurant,False,921,Indian,2.5,"['pickup', 'delivery']",$$,458 Barber Ln,Milpitas,US,CA,"['458 Barber Ln', 'Milpitas, CA 95035']",+14084355500
KtUWpP6qUncBcDxlHJntXw,jollibee-union-city,Jollibee,False,712,Filipino,2.5,['delivery'],$,32460 Dyer St,Union City,US,CA,"['32460 Dyer St', 'Union City, CA 94587']",+15103242075
-UFiUQkwnVLNsut2lKG31g,world-gourmet-buffet-fremont,World Gourmet Buffet,False,690,Buffets,2.0,[],$$,6010 Stevenson Blvd,Fremont,US,CA,"['6010 Stevenson Blvd', 'Fremont, CA 94538']",+15104906888
chy6Zkh1eJmC_vYdbakW4g,buffalo-wild-wings-fremont-4,Buffalo Wild Wings,False,711,Chicken Wings,2.0,['delivery'],$$,43821 Pacific Commons Blvd,Fremont,US,CA,"['43821 Pacific Commons Blvd', 'Fremont, CA 94538']",+15106561634
pmdyX06bwGFrcBNfzmb8aQ,buffalo-wild-wings-union-city-22,Buffalo Wild Wings,False,845,Chicken Wings,2.0,['delivery'],$$,32135 Union Landing Blvd,Union City,US,CA,"['32135 Union Landing Blvd', 'Union City, CA 94587']",+15104712329
